标题,资源链接,图片链接
肖申克的救赎,https://movie.douban.com/subject/1292052/,"./豆瓣电影 Top 250_files/p480747492.webp
"
霸王别姬,https://movie.douban.com/subject/1291546/,"./豆瓣电影 Top 250_files/p2561716440.webp
"
阿甘正传,https://movie.douban.com/subject/1292720/,"./豆瓣电影 Top 250_files/p2372307693.webp
"
泰坦尼克号,https://movie.douban.com/subject/1292722/,"./豆瓣电影 Top 250_files/p2889314814.webp
"
这个杀手不太冷,https://movie.douban.com/subject/1295644/,"./豆瓣电影 Top 250_files/p511118051.webp
"
美丽人生,https://movie.douban.com/subject/1292063/,"./豆瓣电影 Top 250_files/p2578474613.webp
"
千与千寻,https://movie.douban.com/subject/1291561/,"./豆瓣电影 Top 250_files/p2557573348.webp
"
辛德勒的名单,https://movie.douban.com/subject/1295124/,"./豆瓣电影 Top 250_files/p492406163.webp
"
星际穿越,https://movie.douban.com/subject/1889243/,"./豆瓣电影 Top 250_files/p2614988097.webp
"
盗梦空间,https://movie.douban.com/subject/3541415/,"./豆瓣电影 Top 250_files/p513344864.webp
"
楚门的世界,https://movie.douban.com/subject/1292064/,"./豆瓣电影 Top 250_files/p479682972.webp
"
忠犬八公的故事,https://movie.douban.com/subject/3011091/,"./豆瓣电影 Top 250_files/p2587099240.webp
"
海上钢琴师,https://movie.douban.com/subject/1292001/,"./豆瓣电影 Top 250_files/p2574551676.webp
"
三傻大闹宝莱坞,https://movie.douban.com/subject/3793023/,"./豆瓣电影 Top 250_files/p579729551.webp
"
放牛班的春天,https://movie.douban.com/subject/1291549/,"./豆瓣电影 Top 250_files/p2884280708.webp
"
机器人总动员,https://movie.douban.com/subject/2131459/,"./豆瓣电影 Top 250_files/p1461851991.webp
"
无间道,https://movie.douban.com/subject/1307914/,"./豆瓣电影 Top 250_files/p2564556863.webp
"
疯狂动物城,https://movie.douban.com/subject/25662329/,"./豆瓣电影 Top 250_files/p2614500649.webp
"
控方证人,https://movie.douban.com/subject/1296141/,"./豆瓣电影 Top 250_files/p1505392928.webp
"
大话西游之大圣娶亲,https://movie.douban.com/subject/1292213/,"./豆瓣电影 Top 250_files/p2455050536.webp
"
